Workbook

Sheet Start Here
A1: Homeschool Hours Log
A2: A free template from Runways n Poppies · runwaysnpoppies.com
B4: What this is
B5: A year-long hours tracker for a Washington homeschool. Type each day into the Daily Log. Everything else adds itself up.
B7: The three sheets you use
B8: • Daily Log — the only sheet you type in. One row per activity.
B9: • Monthly Summary — hours and days per month, and how close you are to 1,000. Adds itself up.
B10: • Subject Totals — hours in each of Washington's 11 required subjects. Adds itself up.
B12: How to fill in a row
B13: 1. Date. The day it happened.
B14: 2. Hours. Decimals are fine. 90 minutes is 1.5.
B15: 3. Category. Pick from the dropdown. This is HOW you learned.
B16: 4. Subject. Pick from the dropdown. This is WHAT you learned. Add a second if it fits.
B17: 5. What we did. One plain sentence. Future you will be grateful.
... B41: Runways n Poppies, Tacoma, Washington. An aviation-themed homeschool year, shared free. More lab sheets, trip cards, and journal pages at runwaysnpoppies.com.

Sheet Daily Log
A1: Daily Log
A2: The only sheet you type in. One row per activity. Grey columns fill themselves.
A4: Date | B4: Hours | C4: Category | D4: Subject | E4: Second Subject | F4: What we did | G4: Notes | H4: Month | I4: New day?
H5: =IF($A5="","",TEXT($A5,"yyyy-mm")) | I5: =IF($A5="",0,IF(COUNTIF($A$5:$A5,$A5)=1,1,0))
H6: =IF($A6="","",TEXT($A6,"yyyy-mm")) | I6: =IF($A6="",0,IF(COUNTIF($A$5:$A6,$A6)=1,1,0))
H7: =IF($A7="","",TEXT($A7,"yyyy-mm")) | I7: =IF($A7="",0,IF(COUNTIF($A$5:$A7,$A7)=1,1,0))
H8: =IF($A8="","",TEXT($A8,"yyyy-mm")) | I8: =IF($A8="",0,IF(COUNTIF($A$5:$A8,$A8)=1,1,0))
H9: =IF($A9="","",TEXT($A9,"yyyy-mm")) | I9: =IF($A9="",0,IF(COUNTIF($A$5:$A9,$A9)=1,1,0))
H10: =IF($A10="","",TEXT($A10,"yyyy-mm")) | I10: =IF($A10="",0,IF(COUNTIF($A$5:$A10,$A10)=1,1,0))
H11: =IF($A11="","",TEXT($A11,"yyyy-mm")) | I11: =IF($A11="",0,IF(COUNTIF($A$5:$A11,$A11)=1,1,0))
H12: =IF($A12="","",TEXT($A12,"yyyy-mm")) | I12: =IF($A12="",0,IF(COUNTIF($A$5:$A12,$A12)=1,1,0))
H13: =IF($A13="","",TEXT($A13,"yyyy-mm")) | I13: =IF($A13="",0,IF(COUNTIF($A$5:$A13,$A13)=1,1,0))
H14: =IF($A14="","",TEXT($A14,"yyyy-mm")) | I14: =IF($A14="",0,IF(COUNTIF($A$5:$A14,$A14)=1,1,0))
H15: =IF($A15="","",TEXT($A15,"yyyy-mm")) | I15: =IF($A15="",0,IF(COUNTIF($A$5:$A15,$A15)=1,1,0))
H16: =IF($A16="","",TEXT($A16,"yyyy-mm")) | I16: =IF($A16="",0,IF(COUNTIF($A$5:$A16,$A16)=1,1,0))
... H504: =IF($A504="","",TEXT($A504,"yyyy-mm")) | I504: =IF($A504="",0,IF(COUNTIF($A$5:$A504,$A504)=1,1,0))

Sheet Monthly Summary
A1: Monthly Summary
A2: Adds itself up. Type nothing here.
A4: Month | B4: Hours | C4: Days | D4: Running hours | E4: Percent of 1,000
A5: 2026-09 | B5: =SUMIF('Daily Log'!$H$5:$H$504,$A5,'Daily Log'!$B$5:$B$504) | C5: =SUMIF('Daily Log'!$H$5:$H$504,$A5,'Daily Log'!$I$5:$I$504) | D5: =SUM($B$5:$B5) | E5: =$D5/1000
A6: 2026-10 | B6: =SUMIF('Daily Log'!$H$5:$H$504,$A6,'Daily Log'!$B$5:$B$504) | C6: =SUMIF('Daily Log'!$H$5:$H$504,$A6,'Daily Log'!$I$5:$I$504) | D6: =SUM($B$5:$B6) | E6: =$D6/1000
A7: 2026-11 | B7: =SUMIF('Daily Log'!$H$5:$H$504,$A7,'Daily Log'!$B$5:$B$504) | C7: =SUMIF('Daily Log'!$H$5:$H$504,$A7,'Daily Log'!$I$5:$I$504) | D7: =SUM($B$5:$B7) | E7: =$D7/1000
A8: 2026-12 | B8: =SUMIF('Daily Log'!$H$5:$H$504,$A8,'Daily Log'!$B$5:$B$504) | C8: =SUMIF('Daily Log'!$H$5:$H$504,$A8,'Daily Log'!$I$5:$I$504) | D8: =SUM($B$5:$B8) | E8: =$D8/1000
A9: 2027-01 | B9: =SUMIF('Daily Log'!$H$5:$H$504,$A9,'Daily Log'!$B$5:$B$504) | C9: =SUMIF('Daily Log'!$H$5:$H$504,$A9,'Daily Log'!$I$5:$I$504) | D9: =SUM($B$5:$B9) | E9: =$D9/1000
A10: 2027-02 | B10: =SUMIF('Daily Log'!$H$5:$H$504,$A10,'Daily Log'!$B$5:$B$504) | C10: =SUMIF('Daily Log'!$H$5:$H$504,$A10,'Daily Log'!$I$5:$I$504) | D10: =SUM($B$5:$B10) | E10: =$D10/1000
A11: 2027-03 | B11: =SUMIF('Daily Log'!$H$5:$H$504,$A11,'Daily Log'!$B$5:$B$504) | C11: =SUMIF('Daily Log'!$H$5:$H$504,$A11,'Daily Log'!$I$5:$I$504) | D11: =SUM($B$5:$B11) | E11: =$D11/1000
A12: 2027-04 | B12: =SUMIF('Daily Log'!$H$5:$H$504,$A12,'Daily Log'!$B$5:$B$504) | C12: =SUMIF('Daily Log'!$H$5:$H$504,$A12,'Daily Log'!$I$5:$I$504) | D12: =SUM($B$5:$B12) | E12: =$D12/1000
A13: 2027-05 | B13: =SUMIF('Daily Log'!$H$5:$H$504,$A13,'Daily Log'!$B$5:$B$504) | C13: =SUMIF('Daily Log'!$H$5:$H$504,$A13,'Daily Log'!$I$5:$I$504) | D13: =SUM($B$5:$B13) | E13: =$D13/1000
A14: 2027-06 | B14: =SUMIF('Daily Log'!$H$5:$H$504,$A14,'Daily Log'!$B$5:$B$504) | C14: =SUMIF('Daily Log'!$H$5:$H$504,$A14,'Daily Log'!$I$5:$I$504) | D14: =SUM($B$5:$B14) | E14: =$D14/1000
A15: 2027-07 | B15: =SUMIF('Daily Log'!$H$5:$H$504,$A15,'Daily Log'!$B$5:$B$504) | C15: =SUMIF('Daily Log'!$H$5:$H$504,$A15,'Daily Log'!$I$5:$I$504) | D15: =SUM($B$5:$B15) | E15: =$D15/1000
A16: YEAR TOTAL | B16: =SUM($B$5:$B15) | C16: =SUM($C$5:$C15) | D16: =$B16 | E16: =$B16/1000
A18: Hours still to go | B18: =MAX(0,1000-$B16)
A19: Days still to go | B19: =MAX(0,180-$C16)
A21: You need 1,000 hours OR 180 days. Whichever you reach first is the one you use.

Sheet Subject Totals
A1: Subject Totals
A2: Washington's 11 required subjects. Adds itself up.
A4: Required subject | B4: Hours | C4: Percent of year | D4: Days touched
A5: Reading | B5: =SUMIF('Daily Log'!$D$5:$D$504,$A5,'Daily Log'!$B$5:$B$504)+SUMIF('Daily Log'!$E$5:$E$504,$A5,'Daily Log'!$B$5:$B$504) | C5: =IF(SUM($B$5:$B$15)=0,0,$B5/SUM($B$5:$B$15)) | D5: =COUNTIF('Daily Log'!$D$5:$D$504,$A5)+COUNTIF('Daily Log'!$E$5:$E$504,$A5)
A6: Writing | B6: =SUMIF('Daily Log'!$D$5:$D$504,$A6,'Daily Log'!$B$5:$B$504)+SUMIF('Daily Log'!$E$5:$E$504,$A6,'Daily Log'!$B$5:$B$504) | C6: =IF(SUM($B$5:$B$15)=0,0,$B6/SUM($B$5:$B$15)) | D6: =COUNTIF('Daily Log'!$D$5:$D$504,$A6)+COUNTIF('Daily Log'!$E$5:$E$504,$A6)
A7: Spelling | B7: =SUMIF('Daily Log'!$D$5:$D$504,$A7,'Daily Log'!$B$5:$B$504)+SUMIF('Daily Log'!$E$5:$E$504,$A7,'Daily Log'!$B$5:$B$504) | C7: =IF(SUM($B$5:$B$15)=0,0,$B7/SUM($B$5:$B$15)) | D7: =COUNTIF('Daily Log'!$D$5:$D$504,$A7)+COUNTIF('Daily Log'!$E$5:$E$504,$A7)
A8: Language | B8: =SUMIF('Daily Log'!$D$5:$D$504,$A8,'Daily Log'!$B$5:$B$504)+SUMIF('Daily Log'!$E$5:$E$504,$A8,'Daily Log'!$B$5:$B$504) | C8: =IF(SUM($B$5:$B$15)=0,0,$B8/SUM($B$5:$B$15)) | D8: =COUNTIF('Daily Log'!$D$5:$D$504,$A8)+COUNTIF('Daily Log'!$E$5:$E$504,$A8)
A9: Math | B9: =SUMIF('Daily Log'!$D$5:$D$504,$A9,'Daily Log'!$B$5:$B$504)+SUMIF('Daily Log'!$E$5:$E$504,$A9,'Daily Log'!$B$5:$B$504) | C9: =IF(SUM($B$5:$B$15)=0,0,$B9/SUM($B$5:$B$15)) | D9: =COUNTIF('Daily Log'!$D$5:$D$504,$A9)+COUNTIF('Daily Log'!$E$5:$E$504,$A9)
A10: Science | B10: =SUMIF('Daily Log'!$D$5:$D$504,$A10,'Daily Log'!$B$5:$B$504)+SUMIF('Daily Log'!$E$5:$E$504,$A10,'Daily Log'!$B$5:$B$504) | C10: =IF(SUM($B$5:$B$15)=0,0,$B10/SUM($B$5:$B$15)) | D10: =COUNTIF('Daily Log'!$D$5:$D$504,$A10)+COUNTIF('Daily Log'!$E$5:$E$504,$A10)
A11: Social Studies | B11: =SUMIF('Daily Log'!$D$5:$D$504,$A11,'Daily Log'!$B$5:$B$504)+SUMIF('Daily Log'!$E$5:$E$504,$A11,'Daily Log'!$B$5:$B$504) | C11: =IF(SUM($B$5:$B$15)=0,0,$B11/SUM($B$5:$B$15)) | D11: =COUNTIF('Daily Log'!$D$5:$D$504,$A11)+COUNTIF('Daily Log'!$E$5:$E$504,$A11)
A12: History | B12: =SUMIF('Daily Log'!$D$5:$D$504,$A12,'Daily Log'!$B$5:$B$504)+SUMIF('Daily Log'!$E$5:$E$504,$A12,'Daily Log'!$B$5:$B$504) | C12: =IF(SUM($B$5:$B$15)=0,0,$B12/SUM($B$5:$B$15)) | D12: =COUNTIF('Daily Log'!$D$5:$D$504,$A12)+COUNTIF('Daily Log'!$E$5:$E$504,$A12)
A13: Health | B13: =SUMIF('Daily Log'!$D$5:$D$504,$A13,'Daily Log'!$B$5:$B$504)+SUMIF('Daily Log'!$E$5:$E$504,$A13,'Daily Log'!$B$5:$B$504) | C13: =IF(SUM($B$5:$B$15)=0,0,$B13/SUM($B$5:$B$15)) | D13: =COUNTIF('Daily Log'!$D$5:$D$504,$A13)+COUNTIF('Daily Log'!$E$5:$E$504,$A13)
A14: Occupational Education | B14: =SUMIF('Daily Log'!$D$5:$D$504,$A14,'Daily Log'!$B$5:$B$504)+SUMIF('Daily Log'!$E$5:$E$504,$A14,'Daily Log'!$B$5:$B$504) | C14: =IF(SUM($B$5:$B$15)=0,0,$B14/SUM($B$5:$B$15)) | D14: =COUNTIF('Daily Log'!$D$5:$D$504,$A14)+COUNTIF('Daily Log'!$E$5:$E$504,$A14)
A15: Art & Music Appreciation | B15: =SUMIF('Daily Log'!$D$5:$D$504,$A15,'Daily Log'!$B$5:$B$504)+SUMIF('Daily Log'!$E$5:$E$504,$A15,'Daily Log'!$B$5:$B$504) | C15: =IF(SUM($B$5:$B$15)=0,0,$B15/SUM($B$5:$B$15)) | D15: =COUNTIF('Daily Log'!$D$5:$D$504,$A15)+COUNTIF('Daily Log'!$E$5:$E$504,$A15)
A16: ALL SUBJECTS | B16: =SUM($B$5:$B15) | D16: =SUM($D$5:$D15)
A18: A subject with zero hours is a gap worth closing before the annual assessment.

Sheet How We Learned
A1: How We Learned
A2: Hours by category. Shows how much of the year happened away from a desk.
A4: Category | B4: Hours | C4: Percent of year
A5: Desk Work | B5: =SUMIF('Daily Log'!$C$5:$C$504,$A5,'Daily Log'!$B$5:$B$504) | C5: =IF(SUM($B$5:$B$14)=0,0,$B5/SUM($B$5:$B$14))
A6: Field Trip | B6: =SUMIF('Daily Log'!$C$5:$C$504,$A6,'Daily Log'!$B$5:$B$504) | C6: =IF(SUM($B$5:$B$14)=0,0,$B6/SUM($B$5:$B$14))
A7: Nature | B7: =SUMIF('Daily Log'!$C$5:$C$504,$A7,'Daily Log'!$B$5:$B$504) | C7: =IF(SUM($B$5:$B$14)=0,0,$B7/SUM($B$5:$B$14))
A8: Experiment / Lab | B8: =SUMIF('Daily Log'!$C$5:$C$504,$A8,'Daily Log'!$B$5:$B$504) | C8: =IF(SUM($B$5:$B$14)=0,0,$B8/SUM($B$5:$B$14))
A9: Reading | B9: =SUMIF('Daily Log'!$C$5:$C$504,$A9,'Daily Log'!$B$5:$B$504) | C9: =IF(SUM($B$5:$B$14)=0,0,$B9/SUM($B$5:$B$14))
A10: Cooking / Life Skills | B10: =SUMIF('Daily Log'!$C$5:$C$504,$A10,'Daily Log'!$B$5:$B$504) | C10: =IF(SUM($B$5:$B$14)=0,0,$B10/SUM($B$5:$B$14))
A11: Art & Music | B11: =SUMIF('Daily Log'!$C$5:$C$504,$A11,'Daily Log'!$B$5:$B$504) | C11: =IF(SUM($B$5:$B$14)=0,0,$B11/SUM($B$5:$B$14))
A12: Physical / PE | B12: =SUMIF('Daily Log'!$C$5:$C$504,$A12,'Daily Log'!$B$5:$B$504) | C12: =IF(SUM($B$5:$B$14)=0,0,$B12/SUM($B$5:$B$14))
A13: Service | B13: =SUMIF('Daily Log'!$C$5:$C$504,$A13,'Daily Log'!$B$5:$B$504) | C13: =IF(SUM($B$5:$B$14)=0,0,$B13/SUM($B$5:$B$14))
A14: Other | B14: =SUMIF('Daily Log'!$C$5:$C$504,$A14,'Daily Log'!$B$5:$B$504) | C14: =IF(SUM($B$5:$B$14)=0,0,$B14/SUM($B$5:$B$14))
A15: ALL CATEGORIES | B15: =SUM($B$5:$B14)
